INSERT INTO OBJTYPE (OBJECT_TYPE_ID,PARENT_ID,CODE,NAME,DESCRIPTION) VALUES (1,NULL,NULL,'Drivers',NULL);
INSERT INTO OBJTYPE (OBJECT_TYPE_ID,PARENT_ID,CODE,NAME,DESCRIPTION) VALUES (2,NULL,NULL,'Clients',NULL);
INSERT INTO OBJTYPE (OBJECT_TYPE_ID,PARENT_ID,CODE,NAME,DESCRIPTION) VALUES (3,NULL,NULL,'Orders',NULL);
INSERT INTO OBJTYPE (OBJECT_TYPE_ID,PARENT_ID,CODE,NAME,DESCRIPTION) VALUES (4,NULL,NULL,'Cars',NULL);
INSERT INTO OBJTYPE (OBJECT_TYPE_ID,PARENT_ID,CODE,NAME,DESCRIPTION) VALUES (5,NULL,NULL,'Orders_status',NULL);
INSERT INTO OBJTYPE (OBJECT_TYPE_ID,PARENT_ID,CODE,NAME,DESCRIPTION) VALUES (6,NULL,NULL,'Drivers_status',NULL);
INSERT INTO OBJTYPE (OBJECT_TYPE_ID,PARENT_ID,CODE,NAME,DESCRIPTION) VALUES (7,NULL,NULL,'Routes',NULL);
INSERT INTO OBJTYPE (OBJECT_TYPE_ID,PARENT_ID,CODE,NAME,DESCRIPTION) VALUES (8,NULL,NULL,'Admins',NULL);



INSERT INTO ATTRTYPE (ATTR_ID,OBJECT_TYPE_ID,OBJECT_TYPE_ID_REF,CODE,NAME) VALUES (1,1,NULL,NULL,'Last_name');
INSERT INTO ATTRTYPE (ATTR_ID,OBJECT_TYPE_ID,OBJECT_TYPE_ID_REF,CODE,NAME) VALUES (2,1,NULL,NULL,'First_name');
INSERT INTO ATTRTYPE (ATTR_ID,OBJECT_TYPE_ID,OBJECT_TYPE_ID_REF,CODE,NAME) VALUES (3,1,NULL,NULL,'Middle_name');
INSERT INTO ATTRTYPE (ATTR_ID,OBJECT_TYPE_ID,OBJECT_TYPE_ID_REF,CODE,NAME) VALUES (4,1,NULL,NULL,'Phone_number');
INSERT INTO ATTRTYPE (ATTR_ID,OBJECT_TYPE_ID,OBJECT_TYPE_ID_REF,CODE,NAME) VALUES (5,1,NULL,NULL,'Email');
INSERT INTO ATTRTYPE (ATTR_ID,OBJECT_TYPE_ID,OBJECT_TYPE_ID_REF,CODE,NAME) VALUES (6,1,NULL,NULL,'Hire_date');
INSERT INTO ATTRTYPE (ATTR_ID,OBJECT_TYPE_ID,OBJECT_TYPE_ID_REF,CODE,NAME) VALUES (7,1,NULL,NULL,'Experience');
INSERT INTO ATTRTYPE (ATTR_ID,OBJECT_TYPE_ID,OBJECT_TYPE_ID_REF,CODE,NAME) VALUES (8,1,NULL,NULL,'Rating');
INSERT INTO ATTRTYPE (ATTR_ID,OBJECT_TYPE_ID,OBJECT_TYPE_ID_REF,CODE,NAME) VALUES (9,1,NULL,NULL,'Status');
INSERT INTO ATTRTYPE (ATTR_ID,OBJECT_TYPE_ID,OBJECT_TYPE_ID_REF,CODE,NAME) VALUES (10,1,NULL,NULL,'Unbun_date');



INSERT INTO ATTRTYPE (ATTR_ID,OBJECT_TYPE_ID,OBJECT_TYPE_ID_REF,CODE,NAME) VALUES (11,2,NULL,NULL,'Last_name');
INSERT INTO ATTRTYPE (ATTR_ID,OBJECT_TYPE_ID,OBJECT_TYPE_ID_REF,CODE,NAME) VALUES (12,2,NULL,NULL,'First_name');
INSERT INTO ATTRTYPE (ATTR_ID,OBJECT_TYPE_ID,OBJECT_TYPE_ID_REF,CODE,NAME) VALUES (13,2,NULL,NULL,'Middle_name');
INSERT INTO ATTRTYPE (ATTR_ID,OBJECT_TYPE_ID,OBJECT_TYPE_ID_REF,CODE,NAME) VALUES (14,2,NULL,NULL,'Phone_number');
INSERT INTO ATTRTYPE (ATTR_ID,OBJECT_TYPE_ID,OBJECT_TYPE_ID_REF,CODE,NAME) VALUES (15,2,NULL,NULL,'Points');


INSERT INTO ATTRTYPE (ATTR_ID,OBJECT_TYPE_ID,OBJECT_TYPE_ID_REF,CODE,NAME) VALUES (16,3,2,NULL,'Client_id');
INSERT INTO ATTRTYPE (ATTR_ID,OBJECT_TYPE_ID,OBJECT_TYPE_ID_REF,CODE,NAME) VALUES (17,3,1,NULL,'Driver_id');
INSERT INTO ATTRTYPE (ATTR_ID,OBJECT_TYPE_ID,OBJECT_TYPE_ID_REF,CODE,NAME) VALUES (18,3,NULL,NULL,'Status');
INSERT INTO ATTRTYPE (ATTR_ID,OBJECT_TYPE_ID,OBJECT_TYPE_ID_REF,CODE,NAME) VALUES (19,3,NULL,NULL,'Cost');
INSERT INTO ATTRTYPE (ATTR_ID,OBJECT_TYPE_ID,OBJECT_TYPE_ID_REF,CODE,NAME) VALUES (20,3,NULL,NULL,'Distance');
INSERT INTO ATTRTYPE (ATTR_ID,OBJECT_TYPE_ID,OBJECT_TYPE_ID_REF,CODE,NAME) VALUES (21,3,NULL,NULL,'Driver_rating');
INSERT INTO ATTRTYPE (ATTR_ID,OBJECT_TYPE_ID,OBJECT_TYPE_ID_REF,CODE,NAME) VALUES (22,3,NULL,NULL,'Driver_memo');


INSERT INTO ATTRTYPE (ATTR_ID,OBJECT_TYPE_ID,OBJECT_TYPE_ID_REF,CODE,NAME) VALUES (23,4,NULL,NULL,'Name');
INSERT INTO ATTRTYPE (ATTR_ID,OBJECT_TYPE_ID,OBJECT_TYPE_ID_REF,CODE,NAME) VALUES (24,4,NULL,NULL,'Model_type');
INSERT INTO ATTRTYPE (ATTR_ID,OBJECT_TYPE_ID,OBJECT_TYPE_ID_REF,CODE,NAME) VALUES (25,4,NULL,NULL,'Production_date');
INSERT INTO ATTRTYPE (ATTR_ID,OBJECT_TYPE_ID,OBJECT_TYPE_ID_REF,CODE,NAME) VALUES (26,4,NULL,NULL,'Seats_count');
INSERT INTO ATTRTYPE (ATTR_ID,OBJECT_TYPE_ID,OBJECT_TYPE_ID_REF,CODE,NAME) VALUES (27,4,NULL,NULL,'Child_seat');
INSERT INTO ATTRTYPE (ATTR_ID,OBJECT_TYPE_ID,OBJECT_TYPE_ID_REF,CODE,NAME) VALUES (28,4,1,NULL,'Driver_id');
INSERT INTO ATTRTYPE (ATTR_ID,OBJECT_TYPE_ID,OBJECT_TYPE_ID_REF,CODE,NAME) VALUES (29,4,NULL,NULL,'State_number');


INSERT INTO ATTRTYPE (ATTR_ID,OBJECT_TYPE_ID,OBJECT_TYPE_ID_REF,CODE,NAME) VALUES (30,5,3,NULL,'Order_id');
INSERT INTO ATTRTYPE (ATTR_ID,OBJECT_TYPE_ID,OBJECT_TYPE_ID_REF,CODE,NAME) VALUES (31,5,NULL,NULL,'Status');
INSERT INTO ATTRTYPE (ATTR_ID,OBJECT_TYPE_ID,OBJECT_TYPE_ID_REF,CODE,NAME) VALUES (32,5,NULL,NULL,'Timestamp');


INSERT INTO ATTRTYPE (ATTR_ID,OBJECT_TYPE_ID,OBJECT_TYPE_ID_REF,CODE,NAME) VALUES (33,6,1,NULL,'Driver_id');
INSERT INTO ATTRTYPE (ATTR_ID,OBJECT_TYPE_ID,OBJECT_TYPE_ID_REF,CODE,NAME) VALUES (34,6,NULL,NULL,'Status');
INSERT INTO ATTRTYPE (ATTR_ID,OBJECT_TYPE_ID,OBJECT_TYPE_ID_REF,CODE,NAME) VALUES (35,6,NULL,NULL,'Timestamp');


INSERT INTO ATTRTYPE (ATTR_ID,OBJECT_TYPE_ID,OBJECT_TYPE_ID_REF,CODE,NAME) VALUES (36,7,3,NULL,'Order_id');
INSERT INTO ATTRTYPE (ATTR_ID,OBJECT_TYPE_ID,OBJECT_TYPE_ID_REF,CODE,NAME) VALUES (37,7,NULL,NULL,'Check_point');
INSERT INTO ATTRTYPE (ATTR_ID,OBJECT_TYPE_ID,OBJECT_TYPE_ID_REF,CODE,NAME) VALUES (38,7,NULL,NULL,'Show_order');

INSERT INTO ATTRTYPE (ATTR_ID,OBJECT_TYPE_ID,OBJECT_TYPE_ID_REF,CODE,NAME) VALUES (39,8,NULL,NULL,'Phone_number');
INSERT INTO ATTRTYPE (ATTR_ID,OBJECT_TYPE_ID,OBJECT_TYPE_ID_REF,CODE,NAME) VALUES (40,8,NULL,NULL,'Email');



INSERT INTO LISTS (attr_id,list_value_id,value) VALUES (9,1,'approval');
INSERT INTO LISTS (attr_id,list_value_id,value) VALUES (9,2,'off duty');
INSERT INTO LISTS (attr_id,list_value_id,value) VALUES (9,3,'free');
INSERT INTO LISTS (attr_id,list_value_id,value) VALUES (9,4,'on call');
INSERT INTO LISTS (attr_id,list_value_id,value) VALUES (9,5,'performing order');

INSERT INTO LISTS (attr_id,list_value_id,value) VALUES (34,1,'approval');
INSERT INTO LISTS (attr_id,list_value_id,value) VALUES (34,2,'off dut');
INSERT INTO LISTS (attr_id,list_value_id,value) VALUES (34,3,'free');
INSERT INTO LISTS (attr_id,list_value_id,value) VALUES (34,4,'on call');
INSERT INTO LISTS (attr_id,list_value_id,value) VALUES (34,5,'perform order');

INSERT INTO LISTS (attr_id,list_value_id,value) VALUES (18,6,'new');
INSERT INTO LISTS (attr_id,list_value_id,value) VALUES (18,7,'accepted');
INSERT INTO LISTS (attr_id,list_value_id,value) VALUES (18,8,'performed');
INSERT INTO LISTS (attr_id,list_value_id,value) VALUES (18,9,'performing');
INSERT INTO LISTS (attr_id,list_value_id,value) VALUES (18,10,'canceled');

INSERT INTO LISTS (attr_id,list_value_id,value) VALUES (31,6,'new');
INSERT INTO LISTS (attr_id,list_value_id,value) VALUES (31,7,'accepted');
INSERT INTO LISTS (attr_id,list_value_id,value) VALUES (31,8,'performed');
INSERT INTO LISTS (attr_id,list_value_id,value) VALUES (31,9,'performing');
INSERT INTO LISTS (attr_id,list_value_id,value) VALUES (31,10,'canceled');



drop sequence ob_id;
create sequence ob_id;

create or replace trigger object_id_trg
before insert on objects
for each row
begin
if :new.object_id is null then
select ob_id.nextval into :new.object_id from dual;
end if;
end;
/

drop sequence us_id;
create sequence us_id;

create or replace trigger user_id_trg
before insert on users
for each row
begin
if :new.user_id is null then
select us_id.nextval into :new.user_id from dual;
end if;
end;
/

/*admin*/
INSERT INTO OBJECTS (OBJECT_ID,PARENT_ID,OBJECT_TYPE_ID,NAME,DESCRIPTION) VALUES (NULL,NULL,8,'Admin',NULL);
INSERT INTO ATTRIBUTES(ATTR_ID,OBJECT_ID,VALUE,DATE_VALUE,list_value_id) VALUES (39,ob_id.currval,'(063)611-67-90',NULL,NULL);
INSERT INTO ATTRIBUTES(ATTR_ID,OBJECT_ID,VALUE,DATE_VALUE,list_value_id) VALUES (40,ob_id.currval,'yanbertaxi@gmail.com',NULL,NULL);
INSERT INTO USERS VALUES (null,ob_id.currval,'(063)611-67-90','$2a$10$/kJykCLsIGPauDIcpQWgLurA7w8KNQYIoI4VKyXzR2R88MFnTqe4K','ROLE_ADMIN',1);

INSERT INTO OBJECTS (OBJECT_ID,PARENT_ID,OBJECT_TYPE_ID,NAME,DESCRIPTION) VALUES (NULL,NULL,8,'Admin',NULL);
INSERT INTO ATTRIBUTES(ATTR_ID,OBJECT_ID,VALUE,DATE_VALUE,list_value_id) VALUES (39,ob_id.currval,'(068)067-68-53',NULL,NULL);
INSERT INTO ATTRIBUTES(ATTR_ID,OBJECT_ID,VALUE,DATE_VALUE,list_value_id) VALUES (40,ob_id.currval,'yanbertaxi@gmail.com',NULL,NULL);
INSERT INTO USERS VALUES (null,ob_id.currval,'(068)067-68-53','$2a$10$/kJykCLsIGPauDIcpQWgLurA7w8KNQYIoI4VKyXzR2R88MFnTqe4K','ROLE_ADMIN', 1);
/*admin*/

COMMIT;

/*
INSERT INTO OBJECTS (OBJECT_ID,PARENT_ID,OBJECT_TYPE_ID,NAME,DESCRIPTION) VALUES (NULL,NULL,1,'Natasha Stavitskaya',NULL);
INSERT INTO ATTRIBUTES(ATTR_ID,OBJECT_ID,VALUE,DATE_VALUE,list_value_id) VALUES (1,ob_id.currval,'Natasha',NULL,NULL);
INSERT INTO ATTRIBUTES(ATTR_ID,OBJECT_ID,VALUE,DATE_VALUE,list_value_id) VALUES (2,ob_id.currval,'Stavitskaya',NULL,NULL);
INSERT INTO ATTRIBUTES(ATTR_ID,OBJECT_ID,VALUE,DATE_VALUE,list_value_id) VALUES (3,ob_id.currval,'Nickolaevna',NULL,NULL);
INSERT INTO ATTRIBUTES(ATTR_ID,OBJECT_ID,VALUE,DATE_VALUE,list_value_id) VALUES (4,ob_id.currval,'063-148-65-86',NULL,NULL);
INSERT INTO ATTRIBUTES(ATTR_ID,OBJECT_ID,VALUE,DATE_VALUE,list_value_id) VALUES (5,ob_id.currval,'natasha@gmail.com',NULL, NULL);
INSERT INTO ATTRIBUTES(ATTR_ID,OBJECT_ID,VALUE,DATE_VALUE,list_value_id) VALUES (6,ob_id.currval,NULL,TO_DATE('26-10-2016', 'dd-mm-yyyy'),NULL);
INSERT INTO ATTRIBUTES(ATTR_ID,OBJECT_ID,VALUE,DATE_VALUE,list_value_id) VALUES (7,ob_id.currval,4,NULL,NULL);
INSERT INTO ATTRIBUTES(ATTR_ID,OBJECT_ID,VALUE,DATE_VALUE,list_value_id) VALUES (8,ob_id.currval,5,NULL,NULL);
INSERT INTO ATTRIBUTES(ATTR_ID,OBJECT_ID,VALUE,DATE_VALUE,list_value_id) VALUES (9,ob_id.currval,NULL,NULL,3);
INSERT INTO ATTRIBUTES(ATTR_ID,OBJECT_ID,VALUE,DATE_VALUE,list_value_id) VALUES (10,ob_id.currval,NULL,NULL,NULL);
INSERT INTO USERS VALUES (null,ob_id.currval,'natasha@gmail.com','12345','ROLE_DRIVER');

INSERT INTO OBJECTS (OBJECT_ID,PARENT_ID,OBJECT_TYPE_ID,NAME,DESCRIPTION) VALUES (NULL,NULL,1,'Eugeniy Golovachev',NULL);
INSERT INTO ATTRIBUTES(ATTR_ID,OBJECT_ID,VALUE,DATE_VALUE,list_value_id) VALUES (1,ob_id.currval,'Eugeniy',NULL,NULL);
INSERT INTO ATTRIBUTES(ATTR_ID,OBJECT_ID,VALUE,DATE_VALUE,list_value_id) VALUES (2,ob_id.currval,'Golovachev',NULL,NULL);
INSERT INTO ATTRIBUTES(ATTR_ID,OBJECT_ID,VALUE,DATE_VALUE,list_value_id) VALUES (3,ob_id.currval,'Andreevich',NULL,NULL);
INSERT INTO ATTRIBUTES(ATTR_ID,OBJECT_ID,VALUE,DATE_VALUE,list_value_id) VALUES (4,ob_id.currval,'063-145-90-80',NULL,NULL);
INSERT INTO ATTRIBUTES(ATTR_ID,OBJECT_ID,VALUE,DATE_VALUE,list_value_id) VALUES (5,ob_id.currval,'eugeniy@gmail.com',NULL, NULL);
INSERT INTO ATTRIBUTES(ATTR_ID,OBJECT_ID,VALUE,DATE_VALUE,list_value_id) VALUES (6,ob_id.currval,NULL,TO_DATE('29-11-2015', 'dd-mm-yyyy'),NULL);
INSERT INTO ATTRIBUTES(ATTR_ID,OBJECT_ID,VALUE,DATE_VALUE,list_value_id) VALUES (7,ob_id.currval,7,NULL,NULL);
INSERT INTO ATTRIBUTES(ATTR_ID,OBJECT_ID,VALUE,DATE_VALUE,list_value_id) VALUES (8,ob_id.currval,4,NULL,NULL);
INSERT INTO ATTRIBUTES(ATTR_ID,OBJECT_ID,VALUE,DATE_VALUE,list_value_id) VALUES (9,ob_id.currval,NULL,NULL,4);
INSERT INTO ATTRIBUTES(ATTR_ID,OBJECT_ID,VALUE,DATE_VALUE,list_value_id) VALUES (10,ob_id.currval,NULL,NULL,NULL);
INSERT INTO USERS VALUES (null,ob_id.currval,'eugeniy@gmail.com','45689','ROLE_DRIVER');

INSERT INTO OBJECTS (OBJECT_ID,PARENT_ID,OBJECT_TYPE_ID,NAME,DESCRIPTION) VALUES (NULL,NULL,1,'Maxim Beregovoy',NULL);
INSERT INTO ATTRIBUTES(ATTR_ID,OBJECT_ID,VALUE,DATE_VALUE,list_value_id) VALUES (1,ob_id.currval,'Maxim',NULL,NULL);
INSERT INTO ATTRIBUTES(ATTR_ID,OBJECT_ID,VALUE,DATE_VALUE,list_value_id) VALUES (2,ob_id.currval,'Beregovoy',NULL,NULL);
INSERT INTO ATTRIBUTES(ATTR_ID,OBJECT_ID,VALUE,DATE_VALUE,list_value_id) VALUES (3,ob_id.currval,'Antonovich',NULL,NULL);
INSERT INTO ATTRIBUTES(ATTR_ID,OBJECT_ID,VALUE,DATE_VALUE,list_value_id) VALUES (4,ob_id.currval,'050-159-13-13',NULL,NULL);
INSERT INTO ATTRIBUTES(ATTR_ID,OBJECT_ID,VALUE,DATE_VALUE,list_value_id) VALUES (5,ob_id.currval,'maxim@gmail.com',NULL, NULL);
INSERT INTO ATTRIBUTES(ATTR_ID,OBJECT_ID,VALUE,DATE_VALUE,list_value_id) VALUES (6,ob_id.currval,NULL,TO_DATE('01-06-2016', 'dd-mm-yyyy'),NULL);
INSERT INTO ATTRIBUTES(ATTR_ID,OBJECT_ID,VALUE,DATE_VALUE,list_value_id) VALUES (7,ob_id.currval,6,NULL,NULL);
INSERT INTO ATTRIBUTES(ATTR_ID,OBJECT_ID,VALUE,DATE_VALUE,list_value_id) VALUES (8,ob_id.currval,5,NULL,NULL);
INSERT INTO ATTRIBUTES(ATTR_ID,OBJECT_ID,VALUE,DATE_VALUE,list_value_id) VALUES (9,ob_id.currval,NULL,NULL,2);
INSERT INTO ATTRIBUTES(ATTR_ID,OBJECT_ID,VALUE,DATE_VALUE,list_value_id) VALUES (10,ob_id.currval,NULL,NULL,NULL);
INSERT INTO USERS VALUES (null,ob_id.currval,'maxim@gmail.com','56488','ROLE_DRIVER');

INSERT INTO OBJECTS (OBJECT_ID,PARENT_ID,OBJECT_TYPE_ID,NAME,DESCRIPTION) VALUES (NULL,NULL,1,'Mihail Voronov',NULL);
INSERT INTO ATTRIBUTES(ATTR_ID,OBJECT_ID,VALUE,DATE_VALUE,list_value_id) VALUES (1,ob_id.currval,'Mihail',NULL,NULL);
INSERT INTO ATTRIBUTES(ATTR_ID,OBJECT_ID,VALUE,DATE_VALUE,list_value_id) VALUES (2,ob_id.currval,'Voronov',NULL,NULL);
INSERT INTO ATTRIBUTES(ATTR_ID,OBJECT_ID,VALUE,DATE_VALUE,list_value_id) VALUES (3,ob_id.currval,'Grigorievich',NULL,NULL);
INSERT INTO ATTRIBUTES(ATTR_ID,OBJECT_ID,VALUE,DATE_VALUE,list_value_id) VALUES (4,ob_id.currval,'066-325-48-65',NULL,NULL);
INSERT INTO ATTRIBUTES(ATTR_ID,OBJECT_ID,VALUE,DATE_VALUE,list_value_id) VALUES (5,ob_id.currval,'mihail@gmail.com',NULL, NULL);
INSERT INTO ATTRIBUTES(ATTR_ID,OBJECT_ID,VALUE,DATE_VALUE,list_value_id) VALUES (6,ob_id.currval,NULL,TO_DATE('02-07-2016', 'dd-mm-yyyy'),NULL);
INSERT INTO ATTRIBUTES(ATTR_ID,OBJECT_ID,VALUE,DATE_VALUE,list_value_id) VALUES (7,ob_id.currval,6,NULL,NULL);
INSERT INTO ATTRIBUTES(ATTR_ID,OBJECT_ID,VALUE,DATE_VALUE,list_value_id) VALUES (8,ob_id.currval,5,NULL,NULL);
INSERT INTO ATTRIBUTES(ATTR_ID,OBJECT_ID,VALUE,DATE_VALUE,list_value_id) VALUES (9,ob_id.currval,NULL,NULL,5);
INSERT INTO ATTRIBUTES(ATTR_ID,OBJECT_ID,VALUE,DATE_VALUE,list_value_id) VALUES (10,ob_id.currval,NULL,NULL,NULL);
INSERT INTO USERS VALUES (null,ob_id.currval,'mihail@gmail.com','54889','ROLE_DRIVER');

INSERT INTO OBJECTS (OBJECT_ID,PARENT_ID,OBJECT_TYPE_ID,NAME,DESCRIPTION) VALUES (NULL,NULL,1,'Alexey Koretskiy',NULL);
INSERT INTO ATTRIBUTES(ATTR_ID,OBJECT_ID,VALUE,DATE_VALUE,list_value_id) VALUES (1,ob_id.currval,'Alexey',NULL,NULL);
INSERT INTO ATTRIBUTES(ATTR_ID,OBJECT_ID,VALUE,DATE_VALUE,list_value_id) VALUES (2,ob_id.currval,'Koretskiy',NULL,NULL);
INSERT INTO ATTRIBUTES(ATTR_ID,OBJECT_ID,VALUE,DATE_VALUE,list_value_id) VALUES (3,ob_id.currval,'Olegovich',NULL,NULL);
INSERT INTO ATTRIBUTES(ATTR_ID,OBJECT_ID,VALUE,DATE_VALUE,list_value_id) VALUES (4,ob_id.currval,'095-156-32-12',NULL,NULL);
INSERT INTO ATTRIBUTES(ATTR_ID,OBJECT_ID,VALUE,DATE_VALUE,list_value_id) VALUES (5,ob_id.currval,'alexey@gmail.com',NULL, NULL);
INSERT INTO ATTRIBUTES(ATTR_ID,OBJECT_ID,VALUE,DATE_VALUE,list_value_id) VALUES (6,ob_id.currval,NULL,TO_DATE('17-05-2015', 'dd-mm-yyyy'),NULL);
INSERT INTO ATTRIBUTES(ATTR_ID,OBJECT_ID,VALUE,DATE_VALUE,list_value_id) VALUES (7,ob_id.currval,8,NULL,NULL);
INSERT INTO ATTRIBUTES(ATTR_ID,OBJECT_ID,VALUE,DATE_VALUE,list_value_id) VALUES (8,ob_id.currval,3,NULL,NULL);
INSERT INTO ATTRIBUTES(ATTR_ID,OBJECT_ID,VALUE,DATE_VALUE,list_value_id) VALUES (9,ob_id.currval,NULL,NULL,4);
INSERT INTO ATTRIBUTES(ATTR_ID,OBJECT_ID,VALUE,DATE_VALUE,list_value_id) VALUES (10,ob_id.currval,NULL,NULL,NULL);
INSERT INTO USERS VALUES (null,ob_id.currval,'alexey@gmail.com','5681','ROLE_DRIVER');

INSERT INTO OBJECTS (OBJECT_ID,PARENT_ID,OBJECT_TYPE_ID,NAME,DESCRIPTION) VALUES (NULL,NULL,1,'Ivan Andreev',NULL);
INSERT INTO ATTRIBUTES(ATTR_ID,OBJECT_ID,VALUE,DATE_VALUE,list_value_id) VALUES (1,ob_id.currval,'Ivan',NULL,NULL);
INSERT INTO ATTRIBUTES(ATTR_ID,OBJECT_ID,VALUE,DATE_VALUE,list_value_id) VALUES (2,ob_id.currval,'Andreev',NULL,NULL);
INSERT INTO ATTRIBUTES(ATTR_ID,OBJECT_ID,VALUE,DATE_VALUE,list_value_id) VALUES (3,ob_id.currval,'Konstantinovich',NULL,NULL);
INSERT INTO ATTRIBUTES(ATTR_ID,OBJECT_ID,VALUE,DATE_VALUE,list_value_id) VALUES (4,ob_id.currval,'063-189-23-89',NULL,NULL);
INSERT INTO ATTRIBUTES(ATTR_ID,OBJECT_ID,VALUE,DATE_VALUE,list_value_id) VALUES (5,ob_id.currval,'ivan@gmail.com',NULL, NULL);
INSERT INTO ATTRIBUTES(ATTR_ID,OBJECT_ID,VALUE,DATE_VALUE,list_value_id) VALUES (6,ob_id.currval,NULL,TO_DATE('17-05-2015', 'dd-mm-yyyy'),NULL);
INSERT INTO ATTRIBUTES(ATTR_ID,OBJECT_ID,VALUE,DATE_VALUE,list_value_id) VALUES (7,ob_id.currval,8,NULL,NULL);
INSERT INTO ATTRIBUTES(ATTR_ID,OBJECT_ID,VALUE,DATE_VALUE,list_value_id) VALUES (8,ob_id.currval,3,NULL,NULL);
INSERT INTO ATTRIBUTES(ATTR_ID,OBJECT_ID,VALUE,DATE_VALUE,list_value_id) VALUES (9,ob_id.currval,NULL,NULL,4);
INSERT INTO ATTRIBUTES(ATTR_ID,OBJECT_ID,VALUE,DATE_VALUE,list_value_id) VALUES (10,ob_id.currval,NULL,NULL,NULL);
INSERT INTO USERS VALUES (null,ob_id.currval,'ivan@gmail.com','684523','ROLE_DRIVER');

INSERT INTO OBJECTS (OBJECT_ID,PARENT_ID,OBJECT_TYPE_ID,NAME,DESCRIPTION) VALUES (NULL,NULL,1,'Vladimir Kaufman',NULL);
INSERT INTO ATTRIBUTES(ATTR_ID,OBJECT_ID,VALUE,DATE_VALUE,list_value_id) VALUES (1,ob_id.currval,'Vladimir',NULL,NULL);
INSERT INTO ATTRIBUTES(ATTR_ID,OBJECT_ID,VALUE,DATE_VALUE,list_value_id) VALUES (2,ob_id.currval,'Kaufman',NULL,NULL);
INSERT INTO ATTRIBUTES(ATTR_ID,OBJECT_ID,VALUE,DATE_VALUE,list_value_id) VALUES (3,ob_id.currval,'Robertovich',NULL,NULL);
INSERT INTO ATTRIBUTES(ATTR_ID,OBJECT_ID,VALUE,DATE_VALUE,list_value_id) VALUES (4,ob_id.currval,'063-589-23-84',NULL,NULL);
INSERT INTO ATTRIBUTES(ATTR_ID,OBJECT_ID,VALUE,DATE_VALUE,list_value_id) VALUES (5,ob_id.currval,'vladimir@gmail.com',NULL, NULL);
INSERT INTO ATTRIBUTES(ATTR_ID,OBJECT_ID,VALUE,DATE_VALUE,list_value_id) VALUES (6,ob_id.currval,NULL,TO_DATE('05-02-2016', 'dd-mm-yyyy'),NULL);
INSERT INTO ATTRIBUTES(ATTR_ID,OBJECT_ID,VALUE,DATE_VALUE,list_value_id) VALUES (7,ob_id.currval,4,NULL,NULL);
INSERT INTO ATTRIBUTES(ATTR_ID,OBJECT_ID,VALUE,DATE_VALUE,list_value_id) VALUES (8,ob_id.currval,5,NULL,NULL);
INSERT INTO ATTRIBUTES(ATTR_ID,OBJECT_ID,VALUE,DATE_VALUE,list_value_id) VALUES (9,ob_id.currval,NULL,NULL,3);
INSERT INTO ATTRIBUTES(ATTR_ID,OBJECT_ID,VALUE,DATE_VALUE,list_value_id) VALUES (10,ob_id.currval,NULL,NULL,NULL);
INSERT INTO USERS VALUES (null,ob_id.currval,'vladimir@gmail.com','24578','ROLE_DRIVER');

INSERT INTO OBJECTS (OBJECT_ID,PARENT_ID,OBJECT_TYPE_ID,NAME,DESCRIPTION) VALUES (NULL,NULL,1,'Vasiliy Zorin',NULL);
INSERT INTO ATTRIBUTES(ATTR_ID,OBJECT_ID,VALUE,DATE_VALUE,list_value_id) VALUES (1,ob_id.currval,'Vasiliy',NULL,NULL);
INSERT INTO ATTRIBUTES(ATTR_ID,OBJECT_ID,VALUE,DATE_VALUE,list_value_id) VALUES (2,ob_id.currval,'Zorin',NULL,NULL);
INSERT INTO ATTRIBUTES(ATTR_ID,OBJECT_ID,VALUE,DATE_VALUE,list_value_id) VALUES (3,ob_id.currval,'Kirillovich',NULL,NULL);
INSERT INTO ATTRIBUTES(ATTR_ID,OBJECT_ID,VALUE,DATE_VALUE,list_value_id) VALUES (4,ob_id.currval,'050-156-89-15',NULL,NULL);
INSERT INTO ATTRIBUTES(ATTR_ID,OBJECT_ID,VALUE,DATE_VALUE,list_value_id) VALUES (5,ob_id.currval,'vasiliy@gmail.com',NULL, NULL);
INSERT INTO ATTRIBUTES(ATTR_ID,OBJECT_ID,VALUE,DATE_VALUE,list_value_id) VALUES (6,ob_id.currval,NULL,TO_DATE('19-11-2015', 'dd-mm-yyyy'),NULL);
INSERT INTO ATTRIBUTES(ATTR_ID,OBJECT_ID,VALUE,DATE_VALUE,list_value_id) VALUES (7,ob_id.currval,9,NULL,NULL);
INSERT INTO ATTRIBUTES(ATTR_ID,OBJECT_ID,VALUE,DATE_VALUE,list_value_id) VALUES (8,ob_id.currval,4,NULL,NULL);
INSERT INTO ATTRIBUTES(ATTR_ID,OBJECT_ID,VALUE,DATE_VALUE,list_value_id) VALUES (9,ob_id.currval,NULL,NULL,2);
INSERT INTO ATTRIBUTES(ATTR_ID,OBJECT_ID,VALUE,DATE_VALUE,list_value_id) VALUES (10,ob_id.currval,NULL,NULL,NULL);
INSERT INTO USERS VALUES (null,ob_id.currval,'vasiliy@gmail.com','2145878','ROLE_DRIVER');

INSERT INTO OBJECTS (OBJECT_ID,PARENT_ID,OBJECT_TYPE_ID,NAME,DESCRIPTION) VALUES (NULL,NULL,1,'Yakov Livandin',NULL);
INSERT INTO ATTRIBUTES(ATTR_ID,OBJECT_ID,VALUE,DATE_VALUE,list_value_id) VALUES (1,ob_id.currval,'Yakov',NULL,NULL);
INSERT INTO ATTRIBUTES(ATTR_ID,OBJECT_ID,VALUE,DATE_VALUE,list_value_id) VALUES (2,ob_id.currval,'Livandin',NULL,NULL);
INSERT INTO ATTRIBUTES(ATTR_ID,OBJECT_ID,VALUE,DATE_VALUE,list_value_id) VALUES (3,ob_id.currval,'Arturovich',NULL,NULL);
INSERT INTO ATTRIBUTES(ATTR_ID,OBJECT_ID,VALUE,DATE_VALUE,list_value_id) VALUES (4,ob_id.currval,'068-006-87-50',NULL,NULL);
INSERT INTO ATTRIBUTES(ATTR_ID,OBJECT_ID,VALUE,DATE_VALUE,list_value_id) VALUES (5,ob_id.currval,'yakov@gmail.com',NULL, NULL);
INSERT INTO ATTRIBUTES(ATTR_ID,OBJECT_ID,VALUE,DATE_VALUE,list_value_id) VALUES (6,ob_id.currval,NULL,TO_DATE('15-10-2016', 'dd-mm-yyyy'),NULL);
INSERT INTO ATTRIBUTES(ATTR_ID,OBJECT_ID,VALUE,DATE_VALUE,list_value_id) VALUES (7,ob_id.currval,9,NULL,NULL);
INSERT INTO ATTRIBUTES(ATTR_ID,OBJECT_ID,VALUE,DATE_VALUE,list_value_id) VALUES (8,ob_id.currval,5,NULL,NULL);
INSERT INTO ATTRIBUTES(ATTR_ID,OBJECT_ID,VALUE,DATE_VALUE,list_value_id) VALUES (9,ob_id.currval,NULL,NULL,3);
INSERT INTO ATTRIBUTES(ATTR_ID,OBJECT_ID,VALUE,DATE_VALUE,list_value_id) VALUES (10,ob_id.currval,NULL,NULL,NULL);
INSERT INTO USERS VALUES (null,ob_id.currval,'yakov@gmail.com','21548','ROLE_DRIVER');

INSERT INTO OBJECTS (OBJECT_ID,PARENT_ID,OBJECT_TYPE_ID,NAME,DESCRIPTION) VALUES (NULL,NULL,1,'Mark Ruslakov',NULL);
INSERT INTO ATTRIBUTES(ATTR_ID,OBJECT_ID,VALUE,DATE_VALUE,list_value_id) VALUES (1,ob_id.currval,'Mark',NULL,NULL);
INSERT INTO ATTRIBUTES(ATTR_ID,OBJECT_ID,VALUE,DATE_VALUE,list_value_id) VALUES (2,ob_id.currval,'Ruslakov',NULL,NULL);
INSERT INTO ATTRIBUTES(ATTR_ID,OBJECT_ID,VALUE,DATE_VALUE,list_value_id) VALUES (3,ob_id.currval,'Eduardovich',NULL,NULL);
INSERT INTO ATTRIBUTES(ATTR_ID,OBJECT_ID,VALUE,DATE_VALUE,list_value_id) VALUES (4,ob_id.currval,'063-576-13-21',NULL,NULL);
INSERT INTO ATTRIBUTES(ATTR_ID,OBJECT_ID,VALUE,DATE_VALUE,list_value_id) VALUES (5,ob_id.currval,'mark@gmail.com',NULL, NULL);
INSERT INTO ATTRIBUTES(ATTR_ID,OBJECT_ID,VALUE,DATE_VALUE,list_value_id) VALUES (6,ob_id.currval,NULL,TO_DATE('23-01-2016', 'dd-mm-yyyy'),NULL);
INSERT INTO ATTRIBUTES(ATTR_ID,OBJECT_ID,VALUE,DATE_VALUE,list_value_id) VALUES (7,ob_id.currval,7,NULL,NULL);
INSERT INTO ATTRIBUTES(ATTR_ID,OBJECT_ID,VALUE,DATE_VALUE,list_value_id) VALUES (8,ob_id.currval,5,NULL,NULL);
INSERT INTO ATTRIBUTES(ATTR_ID,OBJECT_ID,VALUE,DATE_VALUE,list_value_id) VALUES (9,ob_id.currval,NULL,NULL,5);
INSERT INTO ATTRIBUTES(ATTR_ID,OBJECT_ID,VALUE,DATE_VALUE,list_value_id) VALUES (10,ob_id.currval,NULL,NULL,NULL);
INSERT INTO USERS VALUES (null,ob_id.currval,'mark@gmail.com','54636','ROLE_DRIVER');



INSERT INTO OBJECTS (OBJECT_ID,PARENT_ID,OBJECT_TYPE_ID,NAME,DESCRIPTION) VALUES (NULL,NULL,2,'Ludmila Pirogova',NULL);
INSERT INTO ATTRIBUTES(ATTR_ID,OBJECT_ID,VALUE,DATE_VALUE,list_value_id) VALUES (11,ob_id.currval,'Pirogova',NULL,NULL);
INSERT INTO ATTRIBUTES(ATTR_ID,OBJECT_ID,VALUE,DATE_VALUE,list_value_id) VALUES (12,ob_id.currval,'Ludmila',NULL,NULL);
INSERT INTO ATTRIBUTES(ATTR_ID,OBJECT_ID,VALUE,DATE_VALUE,list_value_id) VALUES (13,ob_id.currval,'Nickolaevna',NULL,NULL);
INSERT INTO ATTRIBUTES(ATTR_ID,OBJECT_ID,VALUE,DATE_VALUE,list_value_id) VALUES (14,ob_id.currval,'050-365-89-00',NULL,NULL);
INSERT INTO ATTRIBUTES(ATTR_ID,OBJECT_ID,VALUE,DATE_VALUE,list_value_id) VALUES (15,ob_id.currval,5,NULL, NULL);
INSERT INTO USERS VALUES (null,ob_id.currval,'0503658900','564687','ROLE_CLIENT');

INSERT INTO OBJECTS (OBJECT_ID,PARENT_ID,OBJECT_TYPE_ID,NAME,DESCRIPTION) VALUES (NULL,NULL,2,'Karina Stanevich',NULL);
INSERT INTO ATTRIBUTES(ATTR_ID,OBJECT_ID,VALUE,DATE_VALUE,list_value_id) VALUES (11,ob_id.currval,'Stanevich',NULL,NULL);
INSERT INTO ATTRIBUTES(ATTR_ID,OBJECT_ID,VALUE,DATE_VALUE,list_value_id) VALUES (12,ob_id.currval,'Karina',NULL,NULL);
INSERT INTO ATTRIBUTES(ATTR_ID,OBJECT_ID,VALUE,DATE_VALUE,list_value_id) VALUES (13,ob_id.currval,'Alexandrovna',NULL,NULL);
INSERT INTO ATTRIBUTES(ATTR_ID,OBJECT_ID,VALUE,DATE_VALUE,list_value_id) VALUES (14,ob_id.currval,'093-156-13-88',NULL,NULL);
INSERT INTO ATTRIBUTES(ATTR_ID,OBJECT_ID,VALUE,DATE_VALUE,list_value_id) VALUES (15,ob_id.currval,4,NULL, NULL);
INSERT INTO USERS VALUES (null,ob_id.currval,'0931561388','54654','ROLE_CLIENT');

INSERT INTO OBJECTS (OBJECT_ID,PARENT_ID,OBJECT_TYPE_ID,NAME,DESCRIPTION) VALUES (NULL,NULL,2,'Paulina Mikolaeva',NULL);
INSERT INTO ATTRIBUTES(ATTR_ID,OBJECT_ID,VALUE,DATE_VALUE,list_value_id) VALUES (11,ob_id.currval,'Mikolaeva',NULL,NULL);
INSERT INTO ATTRIBUTES(ATTR_ID,OBJECT_ID,VALUE,DATE_VALUE,list_value_id) VALUES (12,ob_id.currval,'Paulina',NULL,NULL);
INSERT INTO ATTRIBUTES(ATTR_ID,OBJECT_ID,VALUE,DATE_VALUE,list_value_id) VALUES (13,ob_id.currval,'Pavlovna',NULL,NULL);
INSERT INTO ATTRIBUTES(ATTR_ID,OBJECT_ID,VALUE,DATE_VALUE,list_value_id) VALUES (14,ob_id.currval,'050-138-56-81',NULL,NULL);
INSERT INTO ATTRIBUTES(ATTR_ID,OBJECT_ID,VALUE,DATE_VALUE,list_value_id) VALUES (15,ob_id.currval,5,NULL, NULL);
INSERT INTO USERS VALUES (null,ob_id.currval,'0501385681','2364646','ROLE_CLIENT');

INSERT INTO OBJECTS (OBJECT_ID,PARENT_ID,OBJECT_TYPE_ID,NAME,DESCRIPTION) VALUES (NULL,NULL,2,'Kseniya Koroleva',NULL);
INSERT INTO ATTRIBUTES(ATTR_ID,OBJECT_ID,VALUE,DATE_VALUE,list_value_id) VALUES (11,ob_id.currval,'Koroleva',NULL,NULL);
INSERT INTO ATTRIBUTES(ATTR_ID,OBJECT_ID,VALUE,DATE_VALUE,list_value_id) VALUES (12,ob_id.currval,'Kseniya',NULL,NULL);
INSERT INTO ATTRIBUTES(ATTR_ID,OBJECT_ID,VALUE,DATE_VALUE,list_value_id) VALUES (13,ob_id.currval,'Sergeevna',NULL,NULL);
INSERT INTO ATTRIBUTES(ATTR_ID,OBJECT_ID,VALUE,DATE_VALUE,list_value_id) VALUES (14,ob_id.currval,'073-546-98-19',NULL,NULL);
INSERT INTO ATTRIBUTES(ATTR_ID,OBJECT_ID,VALUE,DATE_VALUE,list_value_id) VALUES (15,ob_id.currval,5,NULL, NULL);
INSERT INTO USERS VALUES (null,ob_id.currval,'0735469819','64957','ROLE_CLIENT');

INSERT INTO OBJECTS (OBJECT_ID,PARENT_ID,OBJECT_TYPE_ID,NAME,DESCRIPTION) VALUES (NULL,NULL,2,'Larisa Rabinovich',NULL);
INSERT INTO ATTRIBUTES(ATTR_ID,OBJECT_ID,VALUE,DATE_VALUE,list_value_id) VALUES (11,ob_id.currval,'Rabinovich',NULL,NULL);
INSERT INTO ATTRIBUTES(ATTR_ID,OBJECT_ID,VALUE,DATE_VALUE,list_value_id) VALUES (12,ob_id.currval,'Larisa',NULL,NULL);
INSERT INTO ATTRIBUTES(ATTR_ID,OBJECT_ID,VALUE,DATE_VALUE,list_value_id) VALUES (13,ob_id.currval,'Glebovna',NULL,NULL);
INSERT INTO ATTRIBUTES(ATTR_ID,OBJECT_ID,VALUE,DATE_VALUE,list_value_id) VALUES (14,ob_id.currval,'066-589-31-79',NULL,NULL);
INSERT INTO ATTRIBUTES(ATTR_ID,OBJECT_ID,VALUE,DATE_VALUE,list_value_id) VALUES (15,ob_id.currval,5,NULL, NULL);
INSERT INTO USERS VALUES (null,ob_id.currval,'0665893179','476973','ROLE_CLIENT');

INSERT INTO OBJECTS (OBJECT_ID,PARENT_ID,OBJECT_TYPE_ID,NAME,DESCRIPTION) VALUES (NULL,NULL,2,'Kristina Lopiryova',NULL);
INSERT INTO ATTRIBUTES(ATTR_ID,OBJECT_ID,VALUE,DATE_VALUE,list_value_id) VALUES (11,ob_id.currval,'Lopiryova',NULL,NULL);
INSERT INTO ATTRIBUTES(ATTR_ID,OBJECT_ID,VALUE,DATE_VALUE,list_value_id) VALUES (12,ob_id.currval,'Kristina',NULL,NULL);
INSERT INTO ATTRIBUTES(ATTR_ID,OBJECT_ID,VALUE,DATE_VALUE,list_value_id) VALUES (13,ob_id.currval,'Vladimirovna',NULL,NULL);
INSERT INTO ATTRIBUTES(ATTR_ID,OBJECT_ID,VALUE,DATE_VALUE,list_value_id) VALUES (14,ob_id.currval,'066-897-16-89',NULL,NULL);
INSERT INTO ATTRIBUTES(ATTR_ID,OBJECT_ID,VALUE,DATE_VALUE,list_value_id) VALUES (15,ob_id.currval,5,NULL, NULL);
INSERT INTO USERS VALUES (null,ob_id.currval,'0668971689','57954','ROLE_CLIENT');

INSERT INTO OBJECTS (OBJECT_ID,PARENT_ID,OBJECT_TYPE_ID,NAME,DESCRIPTION) VALUES (NULL,NULL,2,'Svetlana Artemenko',NULL);
INSERT INTO ATTRIBUTES(ATTR_ID,OBJECT_ID,VALUE,DATE_VALUE,list_value_id) VALUES (11,ob_id.currval,'Artemenko',NULL,NULL);
INSERT INTO ATTRIBUTES(ATTR_ID,OBJECT_ID,VALUE,DATE_VALUE,list_value_id) VALUES (12,ob_id.currval,'Svetlana',NULL,NULL);
INSERT INTO ATTRIBUTES(ATTR_ID,OBJECT_ID,VALUE,DATE_VALUE,list_value_id) VALUES (13,ob_id.currval,'Mihailovna',NULL,NULL);
INSERT INTO ATTRIBUTES(ATTR_ID,OBJECT_ID,VALUE,DATE_VALUE,list_value_id) VALUES (14,ob_id.currval,'050-368-49-83',NULL,NULL);
INSERT INTO ATTRIBUTES(ATTR_ID,OBJECT_ID,VALUE,DATE_VALUE,list_value_id) VALUES (15,ob_id.currval,5,NULL, NULL);
INSERT INTO USERS VALUES (null,ob_id.currval,'0503684983','56449','ROLE_CLIENT');

INSERT INTO OBJECTS (OBJECT_ID,PARENT_ID,OBJECT_TYPE_ID,NAME,DESCRIPTION) VALUES (NULL,NULL,2,'Anna Lipova',NULL);
INSERT INTO ATTRIBUTES(ATTR_ID,OBJECT_ID,VALUE,DATE_VALUE,list_value_id) VALUES (11,ob_id.currval,'Lipova',NULL,NULL);
INSERT INTO ATTRIBUTES(ATTR_ID,OBJECT_ID,VALUE,DATE_VALUE,list_value_id) VALUES (12,ob_id.currval,'Anna',NULL,NULL);
INSERT INTO ATTRIBUTES(ATTR_ID,OBJECT_ID,VALUE,DATE_VALUE,list_value_id) VALUES (13,ob_id.currval,'Dmitrievna',NULL,NULL);
INSERT INTO ATTRIBUTES(ATTR_ID,OBJECT_ID,VALUE,DATE_VALUE,list_value_id) VALUES (14,ob_id.currval,'050-684-13-78',NULL,NULL);
INSERT INTO ATTRIBUTES(ATTR_ID,OBJECT_ID,VALUE,DATE_VALUE,list_value_id) VALUES (15,ob_id.currval,5,NULL, NULL);
INSERT INTO USERS VALUES (null,ob_id.currval,'0506841378','4619891','ROLE_CLIENT');

INSERT INTO OBJECTS (OBJECT_ID,PARENT_ID,OBJECT_TYPE_ID,NAME,DESCRIPTION) VALUES (NULL,NULL,2,'Eva Gevorkyan',NULL);
INSERT INTO ATTRIBUTES(ATTR_ID,OBJECT_ID,VALUE,DATE_VALUE,list_value_id) VALUES (11,ob_id.currval,'Gevorkyan',NULL,NULL);
INSERT INTO ATTRIBUTES(ATTR_ID,OBJECT_ID,VALUE,DATE_VALUE,list_value_id) VALUES (12,ob_id.currval,'Eva',NULL,NULL);
INSERT INTO ATTRIBUTES(ATTR_ID,OBJECT_ID,VALUE,DATE_VALUE,list_value_id) VALUES (13,ob_id.currval,'Timurovna',NULL,NULL);
INSERT INTO ATTRIBUTES(ATTR_ID,OBJECT_ID,VALUE,DATE_VALUE,list_value_id) VALUES (14,ob_id.currval,'099-635-13-87',NULL,NULL);
INSERT INTO ATTRIBUTES(ATTR_ID,OBJECT_ID,VALUE,DATE_VALUE,list_value_id) VALUES (15,ob_id.currval,5,NULL, NULL);
INSERT INTO USERS VALUES (null,ob_id.currval,'0996351387','64964','ROLE_CLIENT');


INSERT INTO OBJECTS (OBJECT_ID,PARENT_ID,OBJECT_TYPE_ID,NAME,DESCRIPTION) VALUES (NULL,NULL,2,'Angelina Kolomiets',NULL);
INSERT INTO ATTRIBUTES(ATTR_ID,OBJECT_ID,VALUE,DATE_VALUE,list_value_id) VALUES (11,ob_id.currval,'Kolomiets',NULL,NULL);
INSERT INTO ATTRIBUTES(ATTR_ID,OBJECT_ID,VALUE,DATE_VALUE,list_value_id) VALUES (12,ob_id.currval,'Angelina',NULL,NULL);
INSERT INTO ATTRIBUTES(ATTR_ID,OBJECT_ID,VALUE,DATE_VALUE,list_value_id) VALUES (13,ob_id.currval,'Nickolaevna',NULL,NULL);
INSERT INTO ATTRIBUTES(ATTR_ID,OBJECT_ID,VALUE,DATE_VALUE,list_value_id) VALUES (14,ob_id.currval,'050-032-59-37',NULL,NULL);
INSERT INTO ATTRIBUTES(ATTR_ID,OBJECT_ID,VALUE,DATE_VALUE,list_value_id) VALUES (15,ob_id.currval,5,NULL, NULL);
INSERT INTO USERS VALUES (null,ob_id.currval,'050-032-59-37','54897','ROLE_CLIENT');




INSERT INTO OBJECTS (OBJECT_ID,PARENT_ID,OBJECT_TYPE_ID,NAME,DESCRIPTION) VALUES (NULL,NULL,8,'Admin',NULL);
INSERT INTO ATTRIBUTES(ATTR_ID,OBJECT_ID,VALUE,DATE_VALUE,list_value_id) VALUES (39,ob_id.currval,'(063)611-67-90',NULL,NULL);
INSERT INTO ATTRIBUTES(ATTR_ID,OBJECT_ID,VALUE,DATE_VALUE,list_value_id) VALUES (40,ob_id.currval,'yanbertaxi@gmail.com',NULL,NULL);
INSERT INTO USERS VALUES (null,ob_id.currval,'(063)611-67-90','$2a$10$/kJykCLsIGPauDIcpQWgLurA7w8KNQYIoI4VKyXzR2R88MFnTqe4K','ROLE_ADMIN');

INSERT INTO OBJECTS (OBJECT_ID,PARENT_ID,OBJECT_TYPE_ID,NAME,DESCRIPTION) VALUES (NULL,NULL,8,'Admin',NULL);
INSERT INTO ATTRIBUTES(ATTR_ID,OBJECT_ID,VALUE,DATE_VALUE,list_value_id) VALUES (39,ob_id.currval,'(068)067-68-53',NULL,NULL);
INSERT INTO ATTRIBUTES(ATTR_ID,OBJECT_ID,VALUE,DATE_VALUE,list_value_id) VALUES (40,ob_id.currval,'yanbertaxi@gmail.com',NULL,NULL);
INSERT INTO USERS VALUES (null,ob_id.currval,'(068)067-68-53','$2a$10$/kJykCLsIGPauDIcpQWgLurA7w8KNQYIoI4VKyXzR2R88MFnTqe4K','ROLE_ADMIN');




DECLARE
driver_number  number;
type driver is table of objects.object_id%type;
driver_list driver := driver();

client_number  number;
type client_n is table of objects.object_id%type;
client_list client_n := client_n();
BEGIN
	select count(*)
		into driver_number
	from objects
    where object_type_id = 1;
	driver_list.extend(driver_number);
	select object_id
		bulk collect into driver_list
	from objects
    where object_type_id=1;

    select count(*)
		into client_number
	from objects
    where object_type_id = 2;
	client_list.extend(client_number);
	select object_id
		bulk collect into client_list
	from objects
    where object_type_id=2;

    INSERT INTO OBJECTS (OBJECT_ID,PARENT_ID,OBJECT_TYPE_ID,NAME,DESCRIPTION) VALUES (NULL,NULL,3,'Order 1',NULL);
    INSERT INTO ATTRIBUTES(ATTR_ID,OBJECT_ID,VALUE,DATE_VALUE,list_value_id) VALUES (18,ob_id.currval,NULL,NULL,6);
    INSERT INTO OBJREFERENCE(ATTR_ID,REFERENCE,OBJECT_ID) VALUES (16,client_list(TRUNC(1)),ob_id.currval);

    INSERT INTO OBJECTS (OBJECT_ID,PARENT_ID,OBJECT_TYPE_ID,NAME,DESCRIPTION) VALUES (NULL,NULL,3,'Order 2',NULL);
    INSERT INTO ATTRIBUTES(ATTR_ID,OBJECT_ID,VALUE,DATE_VALUE,list_value_id) VALUES (18,ob_id.currval,NULL,NULL,6);
    INSERT INTO OBJREFERENCE(ATTR_ID,REFERENCE,OBJECT_ID) VALUES (16,client_list(TRUNC(2)),ob_id.currval);

    INSERT INTO OBJECTS (OBJECT_ID,PARENT_ID,OBJECT_TYPE_ID,NAME,DESCRIPTION) VALUES (NULL,NULL,3,'Order 3',NULL);
    INSERT INTO ATTRIBUTES(ATTR_ID,OBJECT_ID,VALUE,DATE_VALUE,list_value_id) VALUES (18,ob_id.currval,NULL,NULL,7);
    INSERT INTO OBJREFERENCE(ATTR_ID,REFERENCE,OBJECT_ID) VALUES (16,client_list(TRUNC(3)),ob_id.currval);
    INSERT INTO OBJREFERENCE(ATTR_ID,REFERENCE,OBJECT_ID) VALUES (17,driver_list(TRUNC(1)),ob_id.currval);

    INSERT INTO OBJECTS (OBJECT_ID,PARENT_ID,OBJECT_TYPE_ID,NAME,DESCRIPTION) VALUES (NULL,NULL,3,'Order 4',NULL);
    INSERT INTO ATTRIBUTES(ATTR_ID,OBJECT_ID,VALUE,DATE_VALUE,list_value_id) VALUES (18,ob_id.currval,NULL,NULL,7);
    INSERT INTO OBJREFERENCE(ATTR_ID,REFERENCE,OBJECT_ID) VALUES (16,client_list(TRUNC(4)),ob_id.currval);
    INSERT INTO OBJREFERENCE(ATTR_ID,REFERENCE,OBJECT_ID) VALUES (17,driver_list(TRUNC(2)),ob_id.currval);

    INSERT INTO OBJECTS (OBJECT_ID,PARENT_ID,OBJECT_TYPE_ID,NAME,DESCRIPTION) VALUES (NULL,NULL,3,'Order 5',NULL);
    INSERT INTO ATTRIBUTES(ATTR_ID,OBJECT_ID,VALUE,DATE_VALUE,list_value_id) VALUES (18,ob_id.currval,NULL,NULL,9);
    INSERT INTO OBJREFERENCE(ATTR_ID,REFERENCE,OBJECT_ID) VALUES (16,client_list(TRUNC(5)),ob_id.currval);
    INSERT INTO OBJREFERENCE(ATTR_ID,REFERENCE,OBJECT_ID) VALUES (17,driver_list(TRUNC(3)),ob_id.currval);

    INSERT INTO OBJECTS (OBJECT_ID,PARENT_ID,OBJECT_TYPE_ID,NAME,DESCRIPTION) VALUES (NULL,NULL,3,'Order 6',NULL);
    INSERT INTO ATTRIBUTES(ATTR_ID,OBJECT_ID,VALUE,DATE_VALUE,list_value_id) VALUES (18,ob_id.currval,NULL,NULL,10);
    INSERT INTO OBJREFERENCE(ATTR_ID,REFERENCE,OBJECT_ID) VALUES (16,client_list(6),ob_id.currval);

    INSERT INTO OBJECTS (OBJECT_ID,PARENT_ID,OBJECT_TYPE_ID,NAME,DESCRIPTION) VALUES (NULL,NULL,3,'Order 7',NULL);
    INSERT INTO ATTRIBUTES(ATTR_ID,OBJECT_ID,VALUE,DATE_VALUE,list_value_id) VALUES (18,ob_id.currval,NULL,NULL,8);
    INSERT INTO ATTRIBUTES(ATTR_ID,OBJECT_ID,VALUE,DATE_VALUE,list_value_id) VALUES (19,ob_id.currval,50,NULL,NULL);
    INSERT INTO ATTRIBUTES(ATTR_ID,OBJECT_ID,VALUE,DATE_VALUE,list_value_id) VALUES (20,ob_id.currval,5,NULL,NULL);
    INSERT INTO ATTRIBUTES(ATTR_ID,OBJECT_ID,VALUE,DATE_VALUE,list_value_id) VALUES (21,ob_id.currval,4,NULL,NULL);
    INSERT INTO ATTRIBUTES(ATTR_ID,OBJECT_ID,VALUE,DATE_VALUE,list_value_id) VALUES (22,ob_id.currval,'not bad',NULL,NULL);
    INSERT INTO OBJREFERENCE(ATTR_ID,REFERENCE,OBJECT_ID) VALUES (16,client_list(TRUNC(7)),ob_id.currval);
    INSERT INTO OBJREFERENCE(ATTR_ID,REFERENCE,OBJECT_ID) VALUES (17,driver_list(TRUNC(4)),ob_id.currval);

    INSERT INTO OBJECTS (OBJECT_ID,PARENT_ID,OBJECT_TYPE_ID,NAME,DESCRIPTION) VALUES (NULL,NULL,3,'Order 8',NULL);
    INSERT INTO ATTRIBUTES(ATTR_ID,OBJECT_ID,VALUE,DATE_VALUE,list_value_id) VALUES (18,ob_id.currval,NULL,NULL,8);
    INSERT INTO ATTRIBUTES(ATTR_ID,OBJECT_ID,VALUE,DATE_VALUE,list_value_id) VALUES (19,ob_id.currval,70,NULL,NULL);
    INSERT INTO ATTRIBUTES(ATTR_ID,OBJECT_ID,VALUE,DATE_VALUE,list_value_id) VALUES (20,ob_id.currval,6,NULL,NULL);
    INSERT INTO ATTRIBUTES(ATTR_ID,OBJECT_ID,VALUE,DATE_VALUE,list_value_id) VALUES (21,ob_id.currval,5,NULL,NULL);
    INSERT INTO ATTRIBUTES(ATTR_ID,OBJECT_ID,VALUE,DATE_VALUE,list_value_id) VALUES (22,ob_id.currval,'good',NULL,NULL);
    INSERT INTO OBJREFERENCE(ATTR_ID,REFERENCE,OBJECT_ID) VALUES (16,client_list(TRUNC(8)),ob_id.currval);
    INSERT INTO OBJREFERENCE(ATTR_ID,REFERENCE,OBJECT_ID) VALUES (17,driver_list(TRUNC(5)),ob_id.currval);

    INSERT INTO OBJECTS (OBJECT_ID,PARENT_ID,OBJECT_TYPE_ID,NAME,DESCRIPTION) VALUES (NULL,NULL,3,'Order 9',NULL);
    INSERT INTO ATTRIBUTES(ATTR_ID,OBJECT_ID,VALUE,DATE_VALUE,list_value_id) VALUES (18,ob_id.currval,NULL,NULL,8);
    INSERT INTO ATTRIBUTES(ATTR_ID,OBJECT_ID,VALUE,DATE_VALUE,list_value_id) VALUES (19,ob_id.currval,100,NULL,NULL);
    INSERT INTO ATTRIBUTES(ATTR_ID,OBJECT_ID,VALUE,DATE_VALUE,list_value_id) VALUES (20,ob_id.currval,8,NULL,NULL);
    INSERT INTO ATTRIBUTES(ATTR_ID,OBJECT_ID,VALUE,DATE_VALUE,list_value_id) VALUES (21,ob_id.currval,5,NULL,NULL);
    INSERT INTO ATTRIBUTES(ATTR_ID,OBJECT_ID,VALUE,DATE_VALUE,list_value_id) VALUES (22,ob_id.currval,'good driver',NULL,NULL);
    INSERT INTO OBJREFERENCE(ATTR_ID,REFERENCE,OBJECT_ID) VALUES (16,client_list(TRUNC(9)),ob_id.currval);
    INSERT INTO OBJREFERENCE(ATTR_ID,REFERENCE,OBJECT_ID) VALUES (17,driver_list(TRUNC(6)),ob_id.currval);

    INSERT INTO OBJECTS (OBJECT_ID,PARENT_ID,OBJECT_TYPE_ID,NAME,DESCRIPTION) VALUES (NULL,NULL,3,'Order 10',NULL);
    INSERT INTO ATTRIBUTES(ATTR_ID,OBJECT_ID,VALUE,DATE_VALUE,list_value_id) VALUES (18,ob_id.currval,NULL,NULL,8);
    INSERT INTO ATTRIBUTES(ATTR_ID,OBJECT_ID,VALUE,DATE_VALUE,list_value_id) VALUES (19,ob_id.currval,100,NULL,NULL);
    INSERT INTO ATTRIBUTES(ATTR_ID,OBJECT_ID,VALUE,DATE_VALUE,list_value_id) VALUES (20,ob_id.currval,8,NULL,NULL);
    INSERT INTO ATTRIBUTES(ATTR_ID,OBJECT_ID,VALUE,DATE_VALUE,list_value_id) VALUES (21,ob_id.currval,5,NULL,NULL);
    INSERT INTO ATTRIBUTES(ATTR_ID,OBJECT_ID,VALUE,DATE_VALUE,list_value_id) VALUES (22,ob_id.currval,'wow so good driver',NULL,NULL);
    INSERT INTO OBJREFERENCE(ATTR_ID,REFERENCE,OBJECT_ID) VALUES (16,client_list(TRUNC(10)),ob_id.currval);
    INSERT INTO OBJREFERENCE(ATTR_ID,REFERENCE,OBJECT_ID) VALUES (17,driver_list(TRUNC(7)),ob_id.currval);

END;
/



DECLARE
driver_number  number;
type driver is table of objects.object_id%type;
driver_list driver := driver();

BEGIN
	select count(*)
		into driver_number
	from objects
    where object_type_id = 1;
	driver_list.extend(driver_number);
	select object_id
		bulk collect into driver_list
	from objects
    where object_type_id=1;

    INSERT INTO OBJECTS (OBJECT_ID,PARENT_ID,OBJECT_TYPE_ID,NAME,DESCRIPTION) VALUES (NULL,NULL,4,'BMW F20/F21',NULL);
    INSERT INTO ATTRIBUTES(ATTR_ID,OBJECT_ID,VALUE,DATE_VALUE,list_value_id) VALUES (23,ob_id.currval,'BMW F20/F21',NULL,NULL);
    INSERT INTO ATTRIBUTES(ATTR_ID,OBJECT_ID,VALUE,DATE_VALUE,list_value_id) VALUES (24,ob_id.currval,'116d EfficientDynamics Edition MT',NULL,NULL);
    INSERT INTO ATTRIBUTES(ATTR_ID,OBJECT_ID,VALUE,DATE_VALUE,list_value_id) VALUES (25,ob_id.currval,NULL,TO_DATE('01-10-2012', 'dd-mm-yyyy'),NULL);
    INSERT INTO ATTRIBUTES(ATTR_ID,OBJECT_ID,VALUE,DATE_VALUE,list_value_id) VALUES (26,ob_id.currval,4,NULL,NULL);
    INSERT INTO ATTRIBUTES(ATTR_ID,OBJECT_ID,VALUE,DATE_VALUE,list_value_id) VALUES (27,ob_id.currval,0,NULL,NULL);
    INSERT INTO ATTRIBUTES(ATTR_ID,OBJECT_ID,VALUE,DATE_VALUE,list_value_id) VALUES (29,ob_id.currval,'BH1568OK',NULL,NULL);
    INSERT INTO OBJREFERENCE(ATTR_ID,REFERENCE,OBJECT_ID) VALUES (28,driver_list(TRUNC(1)),ob_id.currval);

    INSERT INTO OBJECTS (OBJECT_ID,PARENT_ID,OBJECT_TYPE_ID,NAME,DESCRIPTION) VALUES (NULL,NULL,4,'Volkswagen Amarok',NULL);
    INSERT INTO ATTRIBUTES(ATTR_ID,OBJECT_ID,VALUE,DATE_VALUE,list_value_id) VALUES (23,ob_id.currval,'Volkswagen Amarok',NULL,NULL);
    INSERT INTO ATTRIBUTES(ATTR_ID,OBJECT_ID,VALUE,DATE_VALUE,list_value_id) VALUES (24,ob_id.currval,'2.0 BiTDI DSG 4Motion Basis',NULL,NULL);
    INSERT INTO ATTRIBUTES(ATTR_ID,OBJECT_ID,VALUE,DATE_VALUE,list_value_id) VALUES (25,ob_id.currval,NULL,TO_DATE('01-10-2010', 'dd-mm-yyyy'),NULL);
    INSERT INTO ATTRIBUTES(ATTR_ID,OBJECT_ID,VALUE,DATE_VALUE,list_value_id) VALUES (26,ob_id.currval,4,NULL,NULL);
    INSERT INTO ATTRIBUTES(ATTR_ID,OBJECT_ID,VALUE,DATE_VALUE,list_value_id) VALUES (27,ob_id.currval,1,NULL,NULL);
    INSERT INTO ATTRIBUTES(ATTR_ID,OBJECT_ID,VALUE,DATE_VALUE,list_value_id) VALUES (29,ob_id.currval,'BH5698OK',NULL,NULL);
    INSERT INTO OBJREFERENCE(ATTR_ID,REFERENCE,OBJECT_ID) VALUES (28,driver_list(TRUNC(1)),ob_id.currval);

    INSERT INTO OBJECTS (OBJECT_ID,PARENT_ID,OBJECT_TYPE_ID,NAME,DESCRIPTION) VALUES (NULL,NULL,4,'Dacia Logan',NULL);
    INSERT INTO ATTRIBUTES(ATTR_ID,OBJECT_ID,VALUE,DATE_VALUE,list_value_id) VALUES (23,ob_id.currval,'Dacia Logan',NULL,NULL);
    INSERT INTO ATTRIBUTES(ATTR_ID,OBJECT_ID,VALUE,DATE_VALUE,list_value_id) VALUES (24,ob_id.currval,'1.4 MT',NULL,NULL);
    INSERT INTO ATTRIBUTES(ATTR_ID,OBJECT_ID,VALUE,DATE_VALUE,list_value_id) VALUES (25,ob_id.currval,NULL,TO_DATE('01-11-2004', 'dd-mm-yyyy'),NULL);
    INSERT INTO ATTRIBUTES(ATTR_ID,OBJECT_ID,VALUE,DATE_VALUE,list_value_id) VALUES (26,ob_id.currval,4,NULL,NULL);
    INSERT INTO ATTRIBUTES(ATTR_ID,OBJECT_ID,VALUE,DATE_VALUE,list_value_id) VALUES (27,ob_id.currval,0,NULL,NULL);
    INSERT INTO ATTRIBUTES(ATTR_ID,OBJECT_ID,VALUE,DATE_VALUE,list_value_id) VALUES (29,ob_id.currval,'BH2687OA',NULL,NULL);
    INSERT INTO OBJREFERENCE(ATTR_ID,REFERENCE,OBJECT_ID) VALUES (28,driver_list(TRUNC(2)),ob_id.currval);

    INSERT INTO OBJECTS (OBJECT_ID,PARENT_ID,OBJECT_TYPE_ID,NAME,DESCRIPTION) VALUES (NULL,NULL,4,'Hyundai Accent',NULL);
    INSERT INTO ATTRIBUTES(ATTR_ID,OBJECT_ID,VALUE,DATE_VALUE,list_value_id) VALUES (23,ob_id.currval,'Hyundai Accent',NULL,NULL);
    INSERT INTO ATTRIBUTES(ATTR_ID,OBJECT_ID,VALUE,DATE_VALUE,list_value_id) VALUES (24,ob_id.currval,'1.6 MT',NULL,NULL);
    INSERT INTO ATTRIBUTES(ATTR_ID,OBJECT_ID,VALUE,DATE_VALUE,list_value_id) VALUES (25,ob_id.currval,NULL,TO_DATE('10-11-2011', 'dd-mm-yyyy'),NULL);
    INSERT INTO ATTRIBUTES(ATTR_ID,OBJECT_ID,VALUE,DATE_VALUE,list_value_id) VALUES (26,ob_id.currval,4,NULL,NULL);
    INSERT INTO ATTRIBUTES(ATTR_ID,OBJECT_ID,VALUE,DATE_VALUE,list_value_id) VALUES (27,ob_id.currval,0,NULL,NULL);
    INSERT INTO ATTRIBUTES(ATTR_ID,OBJECT_ID,VALUE,DATE_VALUE,list_value_id) VALUES (29,ob_id.currval,'BH4598OE',NULL,NULL);
    INSERT INTO OBJREFERENCE(ATTR_ID,REFERENCE,OBJECT_ID) VALUES (28,driver_list(TRUNC(3)),ob_id.currval);

    INSERT INTO OBJECTS (OBJECT_ID,PARENT_ID,OBJECT_TYPE_ID,NAME,DESCRIPTION) VALUES (NULL,NULL,4,'Hyundai ix35',NULL);
    INSERT INTO ATTRIBUTES(ATTR_ID,OBJECT_ID,VALUE,DATE_VALUE,list_value_id) VALUES (23,ob_id.currval,'Hyundai ix35',NULL,NULL);
    INSERT INTO ATTRIBUTES(ATTR_ID,OBJECT_ID,VALUE,DATE_VALUE,list_value_id) VALUES (24,ob_id.currval,'2.0 AT 4WD Classic (2012)',NULL,NULL);
    INSERT INTO ATTRIBUTES(ATTR_ID,OBJECT_ID,VALUE,DATE_VALUE,list_value_id) VALUES (25,ob_id.currval,NULL,TO_DATE('01-11-2010', 'dd-mm-yyyy'),NULL);
    INSERT INTO ATTRIBUTES(ATTR_ID,OBJECT_ID,VALUE,DATE_VALUE,list_value_id) VALUES (26,ob_id.currval,4,NULL,NULL);
    INSERT INTO ATTRIBUTES(ATTR_ID,OBJECT_ID,VALUE,DATE_VALUE,list_value_id) VALUES (27,ob_id.currval,0,NULL,NULL);
    INSERT INTO ATTRIBUTES(ATTR_ID,OBJECT_ID,VALUE,DATE_VALUE,list_value_id) VALUES (29,ob_id.currval,'BH2364OA',NULL,NULL);
    INSERT INTO OBJREFERENCE(ATTR_ID,REFERENCE,OBJECT_ID) VALUES (28,driver_list(TRUNC(4)),ob_id.currval);

    INSERT INTO OBJECTS (OBJECT_ID,PARENT_ID,OBJECT_TYPE_ID,NAME,DESCRIPTION) VALUES (NULL,NULL,4,'Volkswagen Polo',NULL);
    INSERT INTO ATTRIBUTES(ATTR_ID,OBJECT_ID,VALUE,DATE_VALUE,list_value_id) VALUES (23,ob_id.currval,'Volkswagen Polo',NULL,NULL);
    INSERT INTO ATTRIBUTES(ATTR_ID,OBJECT_ID,VALUE,DATE_VALUE,list_value_id) VALUES (24,ob_id.currval,'1.2 MT',NULL,NULL);
    INSERT INTO ATTRIBUTES(ATTR_ID,OBJECT_ID,VALUE,DATE_VALUE,list_value_id) VALUES (25,ob_id.currval,NULL,TO_DATE('10-01-2007', 'dd-mm-yyyy'),NULL);
    INSERT INTO ATTRIBUTES(ATTR_ID,OBJECT_ID,VALUE,DATE_VALUE,list_value_id) VALUES (26,ob_id.currval,4,NULL,NULL);
    INSERT INTO ATTRIBUTES(ATTR_ID,OBJECT_ID,VALUE,DATE_VALUE,list_value_id) VALUES (27,ob_id.currval,1,NULL,NULL);
    INSERT INTO ATTRIBUTES(ATTR_ID,OBJECT_ID,VALUE,DATE_VALUE,list_value_id) VALUES (29,ob_id.currval,'BH5987OA',NULL,NULL);
    INSERT INTO OBJREFERENCE(ATTR_ID,REFERENCE,OBJECT_ID) VALUES (28,driver_list(TRUNC(5)),ob_id.currval);

    INSERT INTO OBJECTS (OBJECT_ID,PARENT_ID,OBJECT_TYPE_ID,NAME,DESCRIPTION) VALUES (NULL,NULL,4,'Volkswagen Passat',NULL);
    INSERT INTO ATTRIBUTES(ATTR_ID,OBJECT_ID,VALUE,DATE_VALUE,list_value_id) VALUES (23,ob_id.currval,'Volkswagen Passat',NULL,NULL);
    INSERT INTO ATTRIBUTES(ATTR_ID,OBJECT_ID,VALUE,DATE_VALUE,list_value_id) VALUES (24,ob_id.currval,'2.0 TDI DSG',NULL,NULL);
    INSERT INTO ATTRIBUTES(ATTR_ID,OBJECT_ID,VALUE,DATE_VALUE,list_value_id) VALUES (25,ob_id.currval,NULL,TO_DATE('03-11-2006', 'dd-mm-yyyy'),NULL);
    INSERT INTO ATTRIBUTES(ATTR_ID,OBJECT_ID,VALUE,DATE_VALUE,list_value_id) VALUES (26,ob_id.currval,4,NULL,NULL);
    INSERT INTO ATTRIBUTES(ATTR_ID,OBJECT_ID,VALUE,DATE_VALUE,list_value_id) VALUES (27,ob_id.currval,1,NULL,NULL);
    INSERT INTO ATTRIBUTES(ATTR_ID,OBJECT_ID,VALUE,DATE_VALUE,list_value_id) VALUES (29,ob_id.currval,'BH2697OA',NULL,NULL);
    INSERT INTO OBJREFERENCE(ATTR_ID,REFERENCE,OBJECT_ID) VALUES (28,driver_list(TRUNC(6)),ob_id.currval);

    INSERT INTO OBJECTS (OBJECT_ID,PARENT_ID,OBJECT_TYPE_ID,NAME,DESCRIPTION) VALUES (NULL,NULL,4,'Dacia Sandero',NULL);
    INSERT INTO ATTRIBUTES(ATTR_ID,OBJECT_ID,VALUE,DATE_VALUE,list_value_id) VALUES (23,ob_id.currval,'Dacia Sandero',NULL,NULL);
    INSERT INTO ATTRIBUTES(ATTR_ID,OBJECT_ID,VALUE,DATE_VALUE,list_value_id) VALUES (24,ob_id.currval,'1.6 MPI MT',NULL,NULL);
    INSERT INTO ATTRIBUTES(ATTR_ID,OBJECT_ID,VALUE,DATE_VALUE,list_value_id) VALUES (25,ob_id.currval,NULL,TO_DATE('13-10-2008', 'dd-mm-yyyy'),NULL);
    INSERT INTO ATTRIBUTES(ATTR_ID,OBJECT_ID,VALUE,DATE_VALUE,list_value_id) VALUES (26,ob_id.currval,4,NULL,NULL);
    INSERT INTO ATTRIBUTES(ATTR_ID,OBJECT_ID,VALUE,DATE_VALUE,list_value_id) VALUES (27,ob_id.currval,0,NULL,NULL);
    INSERT INTO ATTRIBUTES(ATTR_ID,OBJECT_ID,VALUE,DATE_VALUE,list_value_id) VALUES (29,ob_id.currval,'BH5997OE',NULL,NULL);
    INSERT INTO OBJREFERENCE(ATTR_ID,REFERENCE,OBJECT_ID) VALUES (28,driver_list(TRUNC(7)),ob_id.currval);

    INSERT INTO OBJECTS (OBJECT_ID,PARENT_ID,OBJECT_TYPE_ID,NAME,DESCRIPTION) VALUES (NULL,NULL,4,'Hyundai Sonata',NULL);
    INSERT INTO ATTRIBUTES(ATTR_ID,OBJECT_ID,VALUE,DATE_VALUE,list_value_id) VALUES (23,ob_id.currval,'Hyundai Sonata',NULL,NULL);
    INSERT INTO ATTRIBUTES(ATTR_ID,OBJECT_ID,VALUE,DATE_VALUE,list_value_id) VALUES (24,ob_id.currval,'2.4 MT',NULL,NULL);
    INSERT INTO ATTRIBUTES(ATTR_ID,OBJECT_ID,VALUE,DATE_VALUE,list_value_id) VALUES (25,ob_id.currval,NULL,TO_DATE('12-02-2010', 'dd-mm-yyyy'),NULL);
    INSERT INTO ATTRIBUTES(ATTR_ID,OBJECT_ID,VALUE,DATE_VALUE,list_value_id) VALUES (26,ob_id.currval,4,NULL,NULL);
    INSERT INTO ATTRIBUTES(ATTR_ID,OBJECT_ID,VALUE,DATE_VALUE,list_value_id) VALUES (27,ob_id.currval,0,NULL,NULL);
    INSERT INTO ATTRIBUTES(ATTR_ID,OBJECT_ID,VALUE,DATE_VALUE,list_value_id) VALUES (29,ob_id.currval,'BH5973OA',NULL,NULL);
    INSERT INTO OBJREFERENCE(ATTR_ID,REFERENCE,OBJECT_ID) VALUES (28,driver_list(TRUNC(8)),ob_id.currval);

    INSERT INTO OBJECTS (OBJECT_ID,PARENT_ID,OBJECT_TYPE_ID,NAME,DESCRIPTION) VALUES (NULL,NULL,4,'Volkswagen Tiguan',NULL);
    INSERT INTO ATTRIBUTES(ATTR_ID,OBJECT_ID,VALUE,DATE_VALUE,list_value_id) VALUES (23,ob_id.currval,'Volkswagen Tiguan',NULL,NULL);
    INSERT INTO ATTRIBUTES(ATTR_ID,OBJECT_ID,VALUE,DATE_VALUE,list_value_id) VALUES (24,ob_id.currval,'2.0 TSI 4Motion AT',NULL,NULL);
    INSERT INTO ATTRIBUTES(ATTR_ID,OBJECT_ID,VALUE,DATE_VALUE,list_value_id) VALUES (25,ob_id.currval,NULL,TO_DATE('01-11-2007', 'dd-mm-yyyy'),NULL);
    INSERT INTO ATTRIBUTES(ATTR_ID,OBJECT_ID,VALUE,DATE_VALUE,list_value_id) VALUES (26,ob_id.currval,4,NULL,NULL);
    INSERT INTO ATTRIBUTES(ATTR_ID,OBJECT_ID,VALUE,DATE_VALUE,list_value_id) VALUES (27,ob_id.currval,1,NULL,NULL);
    INSERT INTO ATTRIBUTES(ATTR_ID,OBJECT_ID,VALUE,DATE_VALUE,list_value_id) VALUES (29,ob_id.currval,'BH3654OA',NULL,NULL);
    INSERT INTO OBJREFERENCE(ATTR_ID,REFERENCE,OBJECT_ID) VALUES (28,driver_list(TRUNC(9)),ob_id.currval);

    INSERT INTO OBJECTS (OBJECT_ID,PARENT_ID,OBJECT_TYPE_ID,NAME,DESCRIPTION) VALUES (NULL,NULL,4,'Volkswagen Touareg',NULL);
    INSERT INTO ATTRIBUTES(ATTR_ID,OBJECT_ID,VALUE,DATE_VALUE,list_value_id) VALUES (23,ob_id.currval,'Volkswagen Touareg',NULL,NULL);
    INSERT INTO ATTRIBUTES(ATTR_ID,OBJECT_ID,VALUE,DATE_VALUE,list_value_id) VALUES (24,ob_id.currval,'5.0 TDI AT',NULL,NULL);
    INSERT INTO ATTRIBUTES(ATTR_ID,OBJECT_ID,VALUE,DATE_VALUE,list_value_id) VALUES (25,ob_id.currval,NULL,TO_DATE('10-11-2007', 'dd-mm-yyyy'),NULL);
    INSERT INTO ATTRIBUTES(ATTR_ID,OBJECT_ID,VALUE,DATE_VALUE,list_value_id) VALUES (26,ob_id.currval,4,NULL,NULL);
    INSERT INTO ATTRIBUTES(ATTR_ID,OBJECT_ID,VALUE,DATE_VALUE,list_value_id) VALUES (27,ob_id.currval,1,NULL,NULL);
    INSERT INTO ATTRIBUTES(ATTR_ID,OBJECT_ID,VALUE,DATE_VALUE,list_value_id) VALUES (29,ob_id.currval,'BH6589OE',NULL,NULL);
    INSERT INTO OBJREFERENCE(ATTR_ID,REFERENCE,OBJECT_ID) VALUES (28,driver_list(TRUNC(10)),ob_id.currval);
END;
/


DECLARE
order_number  number;
type orders is table of objects.object_id%type;
order_list orders := orders();

BEGIN
	select count(*)
		into order_number
	from objects
    where object_type_id = 3;
	order_list.extend(order_number);
	select object_id
		bulk collect into order_list
	from objects
    where object_type_id=3;
    INSERT INTO OBJECTS (OBJECT_ID,PARENT_ID,OBJECT_TYPE_ID,NAME,DESCRIPTION) VALUES (NULL,NULL,7,'Routes Uspenskaya_Ak.Koroleva',NULL);
    INSERT INTO ATTRIBUTES(ATTR_ID,OBJECT_ID,VALUE,DATE_VALUE,list_value_id) VALUES (37,ob_id.currval,1,NULL,NULL);
    INSERT INTO ATTRIBUTES(ATTR_ID,OBJECT_ID,VALUE,DATE_VALUE,list_value_id) VALUES (38,ob_id.currval,'Uspenskaya st. 108',NULL,NULL);
    INSERT INTO OBJREFERENCE(ATTR_ID,REFERENCE,OBJECT_ID) VALUES (36,order_list(TRUNC(1)),ob_id.currval);

    INSERT INTO OBJECTS (OBJECT_ID,PARENT_ID,OBJECT_TYPE_ID,NAME,DESCRIPTION) VALUES (NULL,NULL,7,'Routes Uspenskaya_Ak.Koroleva',NULL);
    INSERT INTO ATTRIBUTES(ATTR_ID,OBJECT_ID,VALUE,DATE_VALUE,list_value_id) VALUES (37,ob_id.currval,2,NULL,NULL);
    INSERT INTO ATTRIBUTES(ATTR_ID,OBJECT_ID,VALUE,DATE_VALUE,list_value_id) VALUES (38,ob_id.currval,'Ak.Koroleva st. 10',NULL,NULL);
    INSERT INTO OBJREFERENCE(ATTR_ID,REFERENCE,OBJECT_ID) VALUES (36,order_list(TRUNC(1)),ob_id.currval);

    INSERT INTO OBJECTS (OBJECT_ID,PARENT_ID,OBJECT_TYPE_ID,NAME,DESCRIPTION) VALUES (NULL,NULL,7,'Routes Kirova_Zabolotnogo',NULL);
    INSERT INTO ATTRIBUTES(ATTR_ID,OBJECT_ID,VALUE,DATE_VALUE,list_value_id) VALUES (37,ob_id.currval,1,NULL,NULL);
    INSERT INTO ATTRIBUTES(ATTR_ID,OBJECT_ID,VALUE,DATE_VALUE,list_value_id) VALUES (38,ob_id.currval,'Kirova st. 12',NULL,NULL);
    INSERT INTO OBJREFERENCE(ATTR_ID,REFERENCE,OBJECT_ID) VALUES (36,order_list(TRUNC(2)),ob_id.currval);

    INSERT INTO OBJECTS (OBJECT_ID,PARENT_ID,OBJECT_TYPE_ID,NAME,DESCRIPTION) VALUES (NULL,NULL,7,'Routes Kirova_Zabolotnogo',NULL);
    INSERT INTO ATTRIBUTES(ATTR_ID,OBJECT_ID,VALUE,DATE_VALUE,list_value_id) VALUES (37,ob_id.currval,2,NULL,NULL);
    INSERT INTO ATTRIBUTES(ATTR_ID,OBJECT_ID,VALUE,DATE_VALUE,list_value_id) VALUES (38,ob_id.currval,'Zabolotnogo st. 7',NULL,NULL);
    INSERT INTO OBJREFERENCE(ATTR_ID,REFERENCE,OBJECT_ID) VALUES (36,order_list(TRUNC(2)),ob_id.currval);

    INSERT INTO OBJECTS (OBJECT_ID,PARENT_ID,OBJECT_TYPE_ID,NAME,DESCRIPTION) VALUES (NULL,NULL,7,'Routes Kostandi_Dvorynskaya',NULL);
    INSERT INTO ATTRIBUTES(ATTR_ID,OBJECT_ID,VALUE,DATE_VALUE,list_value_id) VALUES (37,ob_id.currval,1,NULL,NULL);
    INSERT INTO ATTRIBUTES(ATTR_ID,OBJECT_ID,VALUE,DATE_VALUE,list_value_id) VALUES (38,ob_id.currval,'Kostandi st. 103',NULL,NULL);
    INSERT INTO OBJREFERENCE(ATTR_ID,REFERENCE,OBJECT_ID) VALUES (36,order_list(TRUNC(3)),ob_id.currval);

    INSERT INTO OBJECTS (OBJECT_ID,PARENT_ID,OBJECT_TYPE_ID,NAME,DESCRIPTION) VALUES (NULL,NULL,7,'Routes Kostandi_Dvorynskaya',NULL);
    INSERT INTO ATTRIBUTES(ATTR_ID,OBJECT_ID,VALUE,DATE_VALUE,list_value_id) VALUES (37,ob_id.currval,2,NULL,NULL);
    INSERT INTO ATTRIBUTES(ATTR_ID,OBJECT_ID,VALUE,DATE_VALUE,list_value_id) VALUES (38,ob_id.currval,'Dvorynskaya st. 1',NULL,NULL);
    INSERT INTO OBJREFERENCE(ATTR_ID,REFERENCE,OBJECT_ID) VALUES (36,order_list(TRUNC(3)),ob_id.currval);

    INSERT INTO OBJECTS (OBJECT_ID,PARENT_ID,OBJECT_TYPE_ID,NAME,DESCRIPTION) VALUES (NULL,NULL,7,'Routes Kuybisheva_Balkovskaya',NULL);
    INSERT INTO ATTRIBUTES(ATTR_ID,OBJECT_ID,VALUE,DATE_VALUE,list_value_id) VALUES (37,ob_id.currval,1,NULL,NULL);
    INSERT INTO ATTRIBUTES(ATTR_ID,OBJECT_ID,VALUE,DATE_VALUE,list_value_id) VALUES (38,ob_id.currval,'Kuybisheva st. 11a',NULL,NULL);
    INSERT INTO OBJREFERENCE(ATTR_ID,REFERENCE,OBJECT_ID) VALUES (36,order_list(TRUNC(4)),ob_id.currval);

    INSERT INTO OBJECTS (OBJECT_ID,PARENT_ID,OBJECT_TYPE_ID,NAME,DESCRIPTION) VALUES (NULL,NULL,7,'Routes Kuybisheva_Balkovskaya',NULL);
    INSERT INTO ATTRIBUTES(ATTR_ID,OBJECT_ID,VALUE,DATE_VALUE,list_value_id) VALUES (37,ob_id.currval,2,NULL,NULL);
    INSERT INTO ATTRIBUTES(ATTR_ID,OBJECT_ID,VALUE,DATE_VALUE,list_value_id) VALUES (38,ob_id.currval,'Balkovskaya st. 111',NULL,NULL);
    INSERT INTO OBJREFERENCE(ATTR_ID,REFERENCE,OBJECT_ID) VALUES (36,order_list(TRUNC(4)),ob_id.currval);

    INSERT INTO OBJECTS (OBJECT_ID,PARENT_ID,OBJECT_TYPE_ID,NAME,DESCRIPTION) VALUES (NULL,NULL,7,'Routes Tiraspolskaya_Dachnaya',NULL);
    INSERT INTO ATTRIBUTES(ATTR_ID,OBJECT_ID,VALUE,DATE_VALUE,list_value_id) VALUES (37,ob_id.currval,1,NULL,NULL);
    INSERT INTO ATTRIBUTES(ATTR_ID,OBJECT_ID,VALUE,DATE_VALUE,list_value_id) VALUES (38,ob_id.currval,'Tiraspolskaya st. 15',NULL,NULL);
    INSERT INTO OBJREFERENCE(ATTR_ID,REFERENCE,OBJECT_ID) VALUES (36,order_list(TRUNC(5)),ob_id.currval);

    INSERT INTO OBJECTS (OBJECT_ID,PARENT_ID,OBJECT_TYPE_ID,NAME,DESCRIPTION) VALUES (NULL,NULL,7,'Routes Tiraspolskaya_Dachnaya',NULL);
    INSERT INTO ATTRIBUTES(ATTR_ID,OBJECT_ID,VALUE,DATE_VALUE,list_value_id) VALUES (37,ob_id.currval,2,NULL,NULL);
    INSERT INTO ATTRIBUTES(ATTR_ID,OBJECT_ID,VALUE,DATE_VALUE,list_value_id) VALUES (38,ob_id.currval,'Dachnaya st. 2',NULL,NULL);
    INSERT INTO OBJREFERENCE(ATTR_ID,REFERENCE,OBJECT_ID) VALUES (36,order_list(TRUNC(5)),ob_id.currval);

    INSERT INTO OBJECTS (OBJECT_ID,PARENT_ID,OBJECT_TYPE_ID,NAME,DESCRIPTION) VALUES (NULL,NULL,7,'Routes Klubnichnaya_Marselskaya',NULL);
    INSERT INTO ATTRIBUTES(ATTR_ID,OBJECT_ID,VALUE,DATE_VALUE,list_value_id) VALUES (37,ob_id.currval,1,NULL,NULL);
    INSERT INTO ATTRIBUTES(ATTR_ID,OBJECT_ID,VALUE,DATE_VALUE,list_value_id) VALUES (38,ob_id.currval,'Klubnichnaya st. 18',NULL,NULL);
    INSERT INTO OBJREFERENCE(ATTR_ID,REFERENCE,OBJECT_ID) VALUES (36,order_list(TRUNC(6)),ob_id.currval);

    INSERT INTO OBJECTS (OBJECT_ID,PARENT_ID,OBJECT_TYPE_ID,NAME,DESCRIPTION) VALUES (NULL,NULL,7,'Routes Klubnichnaya_Marselskaya',NULL);
    INSERT INTO ATTRIBUTES(ATTR_ID,OBJECT_ID,VALUE,DATE_VALUE,list_value_id) VALUES (37,ob_id.currval,2,NULL,NULL);
    INSERT INTO ATTRIBUTES(ATTR_ID,OBJECT_ID,VALUE,DATE_VALUE,list_value_id) VALUES (38,ob_id.currval,'Marselskaya st. 21',NULL,NULL);
    INSERT INTO OBJREFERENCE(ATTR_ID,REFERENCE,OBJECT_ID) VALUES (36,order_list(TRUNC(6)),ob_id.currval);

    INSERT INTO OBJECTS (OBJECT_ID,PARENT_ID,OBJECT_TYPE_ID,NAME,DESCRIPTION) VALUES (NULL,NULL,7,'Routes Osipova_Bocharova',NULL);
    INSERT INTO ATTRIBUTES(ATTR_ID,OBJECT_ID,VALUE,DATE_VALUE,list_value_id) VALUES (37,ob_id.currval,1,NULL,NULL);
    INSERT INTO ATTRIBUTES(ATTR_ID,OBJECT_ID,VALUE,DATE_VALUE,list_value_id) VALUES (38,ob_id.currval,'Osipova st. 123',NULL,NULL);
    INSERT INTO OBJREFERENCE(ATTR_ID,REFERENCE,OBJECT_ID) VALUES (36,order_list(TRUNC(7)),ob_id.currval);

    INSERT INTO OBJECTS (OBJECT_ID,PARENT_ID,OBJECT_TYPE_ID,NAME,DESCRIPTION) VALUES (NULL,NULL,7,'Routes Osipova_Bocharova',NULL);
    INSERT INTO ATTRIBUTES(ATTR_ID,OBJECT_ID,VALUE,DATE_VALUE,list_value_id) VALUES (37,ob_id.currval,2,NULL,NULL);
    INSERT INTO ATTRIBUTES(ATTR_ID,OBJECT_ID,VALUE,DATE_VALUE,list_value_id) VALUES (38,ob_id.currval,'Bocharova st. 126',NULL,NULL);
    INSERT INTO OBJREFERENCE(ATTR_ID,REFERENCE,OBJECT_ID) VALUES (36,order_list(TRUNC(7)),ob_id.currval);

    INSERT INTO OBJECTS (OBJECT_ID,PARENT_ID,OBJECT_TYPE_ID,NAME,DESCRIPTION) VALUES (NULL,NULL,7,'Routes Dovjenko_Mihaylovskaya',NULL);
    INSERT INTO ATTRIBUTES(ATTR_ID,OBJECT_ID,VALUE,DATE_VALUE,list_value_id) VALUES (37,ob_id.currval,1,NULL,NULL);
    INSERT INTO ATTRIBUTES(ATTR_ID,OBJECT_ID,VALUE,DATE_VALUE,list_value_id) VALUES (38,ob_id.currval,'Dovjenko st. 12',NULL,NULL);
    INSERT INTO OBJREFERENCE(ATTR_ID,REFERENCE,OBJECT_ID) VALUES (36,order_list(TRUNC(8)),ob_id.currval);

    INSERT INTO OBJECTS (OBJECT_ID,PARENT_ID,OBJECT_TYPE_ID,NAME,DESCRIPTION) VALUES (NULL,NULL,7,'Routes Dovjenko_Mihaylovskaya',NULL);
    INSERT INTO ATTRIBUTES(ATTR_ID,OBJECT_ID,VALUE,DATE_VALUE,list_value_id) VALUES (37,ob_id.currval,2,NULL,NULL);
    INSERT INTO ATTRIBUTES(ATTR_ID,OBJECT_ID,VALUE,DATE_VALUE,list_value_id) VALUES (38,ob_id.currval,'Mihaylovskaya st. 23',NULL,NULL);
    INSERT INTO OBJREFERENCE(ATTR_ID,REFERENCE,OBJECT_ID) VALUES (36,order_list(TRUNC(8)),ob_id.currval);

    INSERT INTO OBJECTS (OBJECT_ID,PARENT_ID,OBJECT_TYPE_ID,NAME,DESCRIPTION) VALUES (NULL,NULL,7,'Routes Gagarina_Utyosova',NULL);
    INSERT INTO ATTRIBUTES(ATTR_ID,OBJECT_ID,VALUE,DATE_VALUE,list_value_id) VALUES (37,ob_id.currval,1,NULL,NULL);
    INSERT INTO ATTRIBUTES(ATTR_ID,OBJECT_ID,VALUE,DATE_VALUE,list_value_id) VALUES (38,ob_id.currval,'Gagarina st. 16',NULL,NULL);
    INSERT INTO OBJREFERENCE(ATTR_ID,REFERENCE,OBJECT_ID) VALUES (36,order_list(TRUNC(9)),ob_id.currval);

    INSERT INTO OBJECTS (OBJECT_ID,PARENT_ID,OBJECT_TYPE_ID,NAME,DESCRIPTION) VALUES (NULL,NULL,7,'Routes Gagarina_Utyosova',NULL);
    INSERT INTO ATTRIBUTES(ATTR_ID,OBJECT_ID,VALUE,DATE_VALUE,list_value_id) VALUES (37,ob_id.currval,2,NULL,NULL);
    INSERT INTO ATTRIBUTES(ATTR_ID,OBJECT_ID,VALUE,DATE_VALUE,list_value_id) VALUES (38,ob_id.currval,'Utyosova st. 23',NULL,NULL);
    INSERT INTO OBJREFERENCE(ATTR_ID,REFERENCE,OBJECT_ID) VALUES (36,order_list(TRUNC(9)),ob_id.currval);

    INSERT INTO OBJECTS (OBJECT_ID,PARENT_ID,OBJECT_TYPE_ID,NAME,DESCRIPTION) VALUES (NULL,NULL,7,'Routes Derevyanko_Tolstogo',NULL);
    INSERT INTO ATTRIBUTES(ATTR_ID,OBJECT_ID,VALUE,DATE_VALUE,list_value_id) VALUES (37,ob_id.currval,1,NULL,NULL);
    INSERT INTO ATTRIBUTES(ATTR_ID,OBJECT_ID,VALUE,DATE_VALUE,list_value_id) VALUES (38,ob_id.currval,'Derevyanko st. 158',NULL,NULL);
    INSERT INTO OBJREFERENCE(ATTR_ID,REFERENCE,OBJECT_ID) VALUES (36,order_list(TRUNC(10)),ob_id.currval);

    INSERT INTO OBJECTS (OBJECT_ID,PARENT_ID,OBJECT_TYPE_ID,NAME,DESCRIPTION) VALUES (NULL,NULL,7,'Routes Derevyanko_Tolstogo',NULL);
    INSERT INTO ATTRIBUTES(ATTR_ID,OBJECT_ID,VALUE,DATE_VALUE,list_value_id) VALUES (37,ob_id.currval,2,NULL,NULL);
    INSERT INTO ATTRIBUTES(ATTR_ID,OBJECT_ID,VALUE,DATE_VALUE,list_value_id) VALUES (38,ob_id.currval,'Tolstogo st. 12',NULL,NULL);
    INSERT INTO OBJREFERENCE(ATTR_ID,REFERENCE,OBJECT_ID) VALUES (36,order_list(TRUNC(10)),ob_id.currval);
END;
/


COMMIT;

*/








